<?xml version="1.0" encoding="UTF-8" standalone="yes"?>
<addon id="plugin.program.Luminart-Wizard" name="-[B][COLOR white][COLOR orange]Luminart Wizard[COLOR white][/COLOR][/B]-" version="1.0" provider-name="by Luminart">
  <requires>
    <import addon="xbmc.python" version="2.1.0"/>
  </requires>
  <extension point="xbmc.python.pluginsource" library="default.py">
        <provides>executable</provides>
  </extension>
  <extension point="xbmc.service" library="startup.py" start="startup" />
  <extension point="xbmc.addon.metadata">
    <summary lang="en">Luminart WIZARD</summary>
    <description lang="en">Luminart-Studio Wizard é um instalador Builds e manutenções para Kodi.  by TioJarvis
</description>
    <platform>all</platform>
  </extension>
</addon>